사용월,호선명,역ID,지하철역,유임승차,유임하차,무임승차,무임하차
2022-04,1호선,0150,서울역,1003431,979421,178599,170341
2022-04,1호선,0151,시청,496353,507407,75835,73949
2022-04,1호선,0152,종각,755195,729248,119385,110815
2022-04,1호선,0153,종로3가,430565,385851,276081,255697
2022-04,1호선,0154,종로5가,371580,378106,246171,238011
2022-04,1호선,0155,동대문,210619,194802,113889,112994
2022-04,1호선,0156,신설동,261209,255981,111959,107764
2022-04,1호선,0157,제기동,216803,208213,265388,284255
2022-04,1호선,0158,청량리(서울시립대입구),317992,310677,247000,248184
2022-04,1호선,0159,동묘앞,123451,134592,154213,154532
2022-04,2호선,0201,시청,516030,499090,48043,43233
2022-04,2호선,0202,을지로입구,888651,916729,85439,79204
2022-04,2호선,0203,을지로3가,501110,504453,66486,66157
2022-04,2호선,0204,을지로4가,248545,254034,74895,73844
2022-04,2호선,0205,동대문역사문화공원(DDP),279808,310439,50786,54243
2022-04,2호선,0206,신당,298205,313345,90065,90778
2022-04,2호선,0207,상왕십리,318476,303782,60300,61310
2022-04,2호선,0208,왕십리(성동구청),413741,337380,48463,40837
2022-04,2호선,0209,한양대,324455,355534,12218,13125
2022-04,2호선,0210,뚝섬,569198,599847,55715,55740
2022-04,2호선,0211,성수,857426,954754,95848,98030
2022-04,2호선,0212,건대입구,963976,1035083,83384,87101
2022-04,2호선,0213,구의(광진구청),535973,520020,93748,95497
2022-04,2호선,0214,강변(동서울터미널),748788,710090,103654,101063
2022-04,2호선,0215,잠실나루,297018,286613,75014,75124
2022-04,2호선,0216,잠실(송파구청),1996212,1965810,186105,176477
2022-04,2호선,0217,잠실새내,489855,495142,94205,93822
2022-04,2호선,0218,종합운동장,264876,296181,42622,44140
2022-04,2호선,0219,삼성(무역센터),1176435,1199220,101268,93225
2022-04,2호선,0220,선릉,1169318,1043077,190584,168830
2022-04,2호선,0221,역삼,1078874,1229760,133298,135231
2022-04,2호선,0222,강남,1998927,2022082,154594,138361
2022-04,2호선,0223,교대(법원.검찰청),718275,810392,133263,149305
2022-04,2호선,0224,서초,493086,456280,70739,68814
2022-04,2호선,0225,방배,415870,434920,65526,64826
2022-04,2호선,0226,사당,852712,977151,170346,167012
2022-04,2호선,0227,낙성대(강감찬),655049,625459,95550,97710
2022-04,2호선,0228,서울대입구(관악구청),1147643,1126625,166107,159754
2022-04,2호선,0229,봉천,511049,458387,129498,129341
2022-04,2호선,0230,신림,1530614,1460442,208879,211337
2022-04,2호선,0231,신대방,616292,591119,118466,120300
2022-04,2호선,0232,구로디지털단지,1350183,1339772,153600,154598
2022-04,2호선,0233,대림(구로구청),541495,551709,109926,114304
2022-04,2호선,0234,신도림,1129612,1148373,178398,169548
2022-04,2호선,0235,문래,478716,496306,84816,83921
2022-04,2호선,0236,영등포구청,480121,502759,91031,90086
2022-04,2호선,0237,당산,456564,520218,57162,61425
2022-04,2호선,0238,합정,801008,869252,63085,63061
2022-04,2호선,0239,홍대입구,1500847,1621418,85946,82648
2022-04,2호선,0240,신촌,804375,818093,107248,105164
2022-04,2호선,0241,이대,331605,348400,40879,43251
2022-04,2호선,0242,아현,224536,211644,58211,57236
2022-04,2호선,0243,충정로(경기대입구),210301,227577,43402,43705
2022-04,2호선,0244,용답,68309,70191,16886,16449
2022-04,2호선,0245,신답,35043,38824,8866,9640
2022-04,2호선,0246,신설동,69838,44868,30973,22869
2022-04,2호선,0247,도림천,29587,31448,7983,8475
2022-04,2호선,0248,양천구청,138203,142119,43043,43477
2022-04,2호선,0249,신정네거리,212434,217021,64797,66008
2022-04,2호선,0250,용두(동대문구청),41786,41308,21443,22734
2022-04,3호선,0309,지축,108448,100193,25798,24589
2022-04,3호선,0310,구파발,447428,437284,107466,103143
2022-04,3호선,0311,연신내,762904,715430,241296,233285
2022-04,3호선,0312,불광,316015,339344,127588,140346
2022-04,3호선,0313,녹번,343866,302152,71075,69824
2022-04,3호선,0314,홍제,353805,333011,129542,126725
2022-04,3호선,0315,무악재,78438,79982,26192,28773
2022-04,3호선,0316,독립문,134829,148689,63155,63949
2022-04,3호선,0317,경복궁(정부서울청사),531274,533824,82582,80363
2022-04,3호선,0318,안국,521343,548156,77821,81037
2022-04,3호선,0319,종로3가,203563,248314,51921,58407
2022-04,3호선,0320,을지로3가,218513,228463,43514,41283
2022-04,3호선,0321,충무로,37,0,1,0
2022-04,3호선,0322,동대입구,215760,238754,36407,41741
2022-04,3호선,0323,약수,276178,271722,74008,70641
2022-04,3호선,0324,금호,164107,150873,49667,48646
2022-04,3호선,0325,옥수,192253,198400,53668,53762
2022-04,3호선,0326,압구정,706627,767769,117333,115190
2022-04,3호선,0327,신사,746820,790627,68040,65424
2022-04,3호선,0328,잠원,102613,101928,27846,26968
2022-04,3호선,0329,고속터미널,1071360,1052576,160852,155866
2022-04,3호선,0330,교대(법원.검찰청),305561,200485,59851,37154
2022-04,3호선,0331,남부터미널(예술의전당),663482,672472,106327,107810
2022-04,3호선,0332,양재(서초구청),836870,919470,135035,137540
2022-04,3호선,0333,매봉,258584,250570,56713,52768
2022-04,3호선,0334,도곡,116675,123952,23308,22248
2022-04,3호선,0335,대치,233445,233332,56629,54376
2022-04,3호선,0336,학여울,46630,48994,15243,14999
2022-04,3호선,0337,대청,212524,192481,52590,50701
2022-04,3호선,0338,일원,205259,196811,55948,55957
2022-04,3호선,0339,수서,375466,380833,94847,95065
2022-04,3호선,0340,가락시장,168091,167654,67281,65743
2022-04,3호선,0341,경찰병원,148367,146625,36547,37718
2022-04,3호선,0342,오금,137313,126095,26360,25713
2022-04,4호선,0409,당고개,182809,160269,70431,69945
2022-04,4호선,0410,상계,420292,382309,115035,112756
2022-04,4호선,0411,노원,440317,506201,81921,80278
2022-04,4호선,0412,창동,518528,548138,177664,177803
2022-04,4호선,0413,쌍문,646037,578682,148631,145690
2022-04,4호선,0414,수유(강북구청),754180,750878,176046,175604
2022-04,4호선,0415,미아(서울사이버대학),312406,294438,101253,102838
2022-04,4호선,0416,미아사거리,586306,562778,165612,164805
2022-04,4호선,0417,길음,463903,452006,105140,104917
2022-04,4호선,0418,성신여대입구(돈암),493980,470247,78090,75801
2022-04,4호선,0419,한성대입구(삼선교),322618,316169,66398,65572
2022-04,4호선,0420,혜화,788559,800889,116453,115957
2022-04,4호선,0421,동대문,368206,384970,150872,144335
2022-04,4호선,0422,동대문역사문화공원(DDP),339085,310589,52349,46549
2022-04,4호선,0423,충무로,603262,623772,106666,107800
2022-04,4호선,0424,명동,478795,503749,56485,57824
2022-04,4호선,0425,회현(남대문시장),468821,510815,176744,177255
2022-04,4호선,0426,서울역,246528,412217,34195,43252
2022-04,4호선,0427,숙대입구(갈월),327100,316290,48249,45036
2022-04,4호선,0428,삼각지,112465,134496,21288,22315
2022-04,4호선,0429,신용산,370668,393932,46466,46775
2022-04,4호선,0430,이촌(국립중앙박물관),168167,190553,43325,45094
2022-04,4호선,0431,동작(현충원),34795,41476,17771,18130
2022-04,4호선,0432,총신대입구(이수),377071,411516,139135,145397
2022-04,4호선,0433,사당,636078,527546,84626,81971
2022-04,4호선,0434,남태령,27358,20108,8363,7687
2022-04,경부선,1001,서울역,187475,57016,11327,2537
2022-04,경부선,1002,남영,215861,230204,32829,34273
2022-04,경부선,1003,용산,855781,871906,111947,111365
2022-04,경부선,1004,노량진,204131,206203,38176,35789
2022-04,경부선,1005,대방,282430,289257,64466,64473
2022-04,경부선,1006,영등포,874553,903366,223518,222563
2022-04,경부선,1007,신도림,88304,87547,25087,28184
2022-04,경부선,1032,신길,204772,167585,43281,39902
2022-04,경부선,1701,구로,403351,422599,89237,86140
2022-04,경부선,1702,가산디지털단지,415242,488914,33524,37619
2022-04,경부선,1703,금천구청,248547,246428,75661,77019
2022-04,경부선,1704,석수,221381,197476,46013,44489
2022-04,경부선,1705,관악,159896,146337,49688,47249
2022-04,경부선,1706,안양,602176,587841,106285,110051
2022-04,경부선,1707,명학,221996,217392,39996,39023
2022-04,경부선,1708,금정,627115,638787,111404,112599
2022-04,경부선,1709,군포,168924,164648,33633,32790
2022-04,경부선,1710,의왕,211666,208850,41664,41312
2022-04,경부선,1711,성균관대,370038,364283,47949,47840
2022-04,경부선,1712,화서,185366,177952,40380,39461
2022-04,경부선,1713,수원,949799,1017516,130619,133626
2022-04,경부선,1714,독산,411510,421267,60516,61217
2022-04,경부선,1715,세류,71657,65472,14600,14253
2022-04,경부선,1716,병점,377141,379490,60870,60620
2022-04,경부선,1717,세마,66380,61856,14433,13411
2022-04,경부선,1718,오산대,96275,88444,17579,16747
2022-04,경부선,1719,오산,254671,251234,43838,44700
2022-04,경부선,1720,진위,40113,33960,8284,7869
2022-04,경부선,1721,송탄,117264,112364,19773,18872
2022-04,경부선,1722,서정리,188889,176042,30109,29453
2022-04,경부선,1723,평택지제,92907,87907,11113,10703
2022-04,경부선,1724,평택,333228,333779,59323,58276
2022-04,경부선,1725,성환,128325,123398,18885,18897
2022-04,경부선,1726,직산,20080,19592,4693,4544
2022-04,경부선,1727,두정,185169,195355,21126,21110
2022-04,경부선,1728,천안,153975,147975,46903,47362
2022-04,경부선,1729,당정,151508,142374,29361,28075
2022-04,경부선,1749,서동탄,31116,28663,7262,6726
2022-04,경부선,1750,광명,87411,73956,9397,8789
2022-04,경인선,1801,개봉,445860,414013,141018,142821
2022-04,경인선,1802,오류동,246731,220720,85097,83010
2022-04,경인선,1803,역곡,630180,611001,142833,145349
2022-04,경인선,1804,부천,732963,737548,191085,193388
2022-04,경인선,1805,송내,621769,618911,113011,111822
2022-04,경인선,1806,부평,711606,778428,126624,128884
2022-04,경인선,1807,백운,142043,137987,52790,53160
2022-04,경인선,1808,동암,322144,323534,87491,88557
2022-04,경인선,1809,주안,466747,420748,81307,73175
2022-04,경인선,1810,제물포,242446,226422,59072,58861
2022-04,경인선,1811,동인천,288765,275122,110128,106982
2022-04,경인선,1812,인천,82802,62149,42064,38758
2022-04,경인선,1813,구일,169899,168946,43647,42950
2022-04,경인선,1814,소사,196699,187187,61077,59374
2022-04,경인선,1815,부개,179080,164108,59101,57920
2022-04,경인선,1816,간석,123122,111075,40760,39052
2022-04,경인선,1817,도원,62557,60448,27161,28668
2022-04,경인선,1821,온수(성공회대입구),149182,139200,45313,44155
2022-04,경인선,1822,중동,194204,177601,64535,63483
2022-04,경인선,1823,도화,81463,72928,36359,35041
2022-04,경원선,1008,이촌(국립중앙박물관),81637,58668,24367,20874
2022-04,경원선,1009,서빙고,42544,40703,14962,13864
2022-04,경원선,1010,한남,81583,79069,26130,24546
2022-04,경원선,1011,옥수,1420,959,133,95
2022-04,경원선,1012,응봉,42021,39949,19085,18456
2022-04,경원선,1013,왕십리(성동구청),344913,381068,56957,61801
2022-04,경원선,1014,청량리(서울시립대입구),313617,322955,135933,143820
2022-04,경원선,1016,외대앞,188533,183958,40239,41952
2022-04,경원선,1017,신이문,164852,148636,64367,62621
2022-04,경원선,1018,석계,174282,192968,59446,62468
2022-04,경원선,1019,광운대,191793,189178,46504,46696
2022-04,경원선,1020,월계,160228,145448,57431,55033
2022-04,경원선,1021,녹천,94391,76406,35804,31675
2022-04,경원선,1022,창동,8,0,1,0
2022-04,경원선,1901,방학,174000,168573,98547,97782
2022-04,경원선,1902,도봉,100450,92431,65381,64951
2022-04,경원선,1903,도봉산,137578,79920,116787,93414
2022-04,경원선,1904,망월사,183193,183757,64339,66179
2022-04,경원선,1905,회룡,218859,218299,135591,134625
2022-04,경원선,1906,의정부,435554,454221,102236,104921
2022-04,경원선,1907,가능,137989,129885,54013,53105
2022-04,경원선,1908,녹양,96289,89971,36017,34385
2022-04,경원선,1909,양주,173923,161862,54710,53305
2022-04,경원선,1910,덕계,71091,63528,21953,21064
2022-04,경원선,1911,덕정,145264,137087,33611,33379
2022-04,경원선,1912,지행,152452,152065,42376,42076
2022-04,경원선,1913,동두천중앙,57869,55040,34429,33968
2022-04,경원선,1914,보산,38974,35205,13280,12553
2022-04,경원선,1915,동두천,48496,52130,23277,30043
2022-04,경원선,1916,소요산,31847,25464,68672,60346
2022-04,안산선,1751,산본,349841,382306,91867,92200
2022-04,안산선,1752,대야미,113826,101063,32732,30356
2022-04,안산선,1753,반월,93558,89866,28550,28215
2022-04,안산선,1754,상록수,389060,391978,65721,67006
2022-04,안산선,1755,한대앞,244326,243874,41975,43012
2022-04,안산선,1756,중앙,463458,489019,55455,54497
2022-04,안산선,1757,고잔,216404,207049,33766,32232
2022-04,안산선,1758,초지,123078,131570,14872,15336
2022-04,안산선,1759,안산,299469,277213,35384,32832
2022-04,안산선,1760,신길온천,41279,37695,9903,9656
2022-04,안산선,1761,정왕,251063,253694,25801,26835
2022-04,안산선,1762,오이도,211549,210440,36259,36223
2022-04,안산선,1763,수리산,93879,80259,37146,38175
2022-04,과천선,1450,선바위,191035,166479,35589,34959
2022-04,과천선,1451,경마공원,104779,107038,60101,59433
2022-04,과천선,1452,대공원,126805,131671,65050,66032
2022-04,과천선,1453,과천,136261,124310,39378,37521
2022-04,과천선,1454,정부과천청사,230370,226541,48549,47696
2022-04,과천선,1455,인덕원,554949,565715,103296,106472
2022-04,과천선,1456,평촌,392676,381011,58235,58013
2022-04,과천선,1457,범계,620034,622025,96760,94875
2022-04,분당선,1023,선릉,280221,438704,38701,50912
2022-04,분당선,1024,한티,324836,342258,59506,60268
2022-04,분당선,1025,도곡,145418,142636,42657,40084
2022-04,분당선,1026,구룡,48100,45785,14134,13708
2022-04,분당선,1027,개포동,83017,84832,24232,24490
2022-04,분당선,1028,대모산입구,92505,83633,28907,28982
2022-04,분당선,1030,수서,319720,327052,59840,59108
2022-04,분당선,1031,복정,12,0,1,0
2022-04,분당선,1846,수원,212529,173924,29049,26169
2022-04,분당선,1847,서울숲,347756,373123,33948,32584
2022-04,분당선,1848,압구정로데오,486339,559304,42189,40285
2022-04,분당선,1849,강남구청,218538,258158,35412,38869
2022-04,분당선,1850,선정릉,171521,184579,25961,25500
2022-04,분당선,1851,가천대,251389,271426,25019,25900
2022-04,분당선,1852,태평,288350,267820,85599,89166
2022-04,분당선,1853,모란,426273,426334,169896,184894
2022-04,분당선,1854,야탑,556275,586237,141029,140675
2022-04,분당선,1855,서현,546724,559686,108545,104206
2022-04,분당선,1856,수내,280519,279247,66888,64340
2022-04,분당선,1857,정자,387498,412960,60287,60678
2022-04,분당선,1858,미금,318488,337521,95836,102009
2022-04,분당선,1859,오리,245015,197474,65976,56995
2022-04,분당선,1860,이매,122995,114034,36025,35809
2022-04,분당선,1861,보정,51209,43702,17907,16962
2022-04,분당선,1862,죽전,322742,355324,62344,66062
2022-04,분당선,1863,구성,101712,107266,33640,34368
2022-04,분당선,1864,신갈,92352,92028,25498,25711
2022-04,분당선,1865,기흥,232873,215280,37956,36820
2022-04,분당선,1866,상갈,118679,115501,28488,27507
2022-04,분당선,1867,청명,97131,93574,17826,17971
2022-04,분당선,1868,영통,202762,202907,26941,26695
2022-04,분당선,1869,망포,348694,328651,33405,31980
2022-04,분당선,1870,매탄권선,121225,116613,18448,17818
2022-04,분당선,1871,수원시청,312121,341716,40125,41145
2022-04,분당선,1872,매교,68162,67889,17496,17805
2022-04,일산선,1948,원흥,237336,224229,55551,53559
2022-04,일산선,1949,지축,5,0,0,0
2022-04,일산선,1950,삼송,449268,429011,92097,93188
2022-04,일산선,1951,원당,234962,218969,76489,75311
2022-04,일산선,1952,화정,359135,368176,103588,106008
2022-04,일산선,1953,대곡,47570,37281,12458,11555
2022-04,일산선,1954,백석,199332,199033,64638,63974
2022-04,일산선,1955,마두,140770,143067,59883,61098
2022-04,일산선,1956,정발산,164079,173320,56714,54025
2022-04,일산선,1957,주엽,167043,164191,76831,79467
2022-04,일산선,1958,대화,267138,211790,69941,65028
2022-04,중앙선,1015,회기,592135,571296,116408,114425
2022-04,중앙선,1201,중랑,111001,103840,47407,46203
2022-04,중앙선,1202,상봉(시외버스터미널),126191,126950,38531,37165
2022-04,중앙선,1203,망우,153326,147044,68060,69740
2022-04,중앙선,1204,양원,62353,58509,19895,19710
2022-04,중앙선,1205,구리,293471,301483,76583,77056
2022-04,중앙선,1206,도농,228608,206948,59919,58306
2022-04,중앙선,1207,양정,13313,10974,8672,7788
2022-04,중앙선,1208,덕소,114169,116825,42914,42662
2022-04,중앙선,1209,도심,49785,37524,17558,16723
2022-04,중앙선,1210,팔당,23510,25537,10691,10881
2022-04,중앙선,1211,운길산,19487,17972,15112,15076
2022-04,중앙선,1212,양수,38620,38447,24038,24501
2022-04,중앙선,1213,신원,4259,3243,4706,3983
2022-04,중앙선,1214,국수,14138,13383,10582,10722
2022-04,중앙선,1215,아신,11181,11096,6736,6715
2022-04,중앙선,1216,오빈,5050,5122,4699,4767
2022-04,중앙선,1217,양평,59475,60650,33867,34597
2022-04,중앙선,1218,원덕,6817,6344,7902,7618
2022-04,중앙선,1219,용문,32515,32058,41378,40889
2022-04,중앙선,1220,지평,874,1199,1303,1378
2022-04,장항선,1401,봉명,24475,23529,9415,8978
2022-04,장항선,1402,쌍용(나사렛대),64469,59892,12018,11548
2022-04,장항선,1403,아산,103235,89352,11573,10823
2022-04,장항선,1404,탕정,19897,17241,3338,3092
2022-04,장항선,1405,배방,27879,27462,6425,6305
2022-04,장항선,1407,온양온천,77989,80461,41286,42308
2022-04,장항선,1408,신창(순천향대),67848,63782,6719,6239
2022-04,경의선,1252,신촌,17789,23593,3378,3778
2022-04,경의선,1261,효창공원앞,66642,73766,13542,14657
2022-04,경의선,1263,서강대,48934,48322,11027,10294
2022-04,경의선,1265,가좌,110404,103367,39661,39874
2022-04,경의선,1267,수색,58053,61329,14372,14419
2022-04,경의선,1268,화전,72947,67473,10252,10050
2022-04,경의선,1269,강매,71321,61152,17766,16673
2022-04,경의선,1270,행신,186489,186228,31968,32470
2022-04,경의선,1271,능곡,79439,73749,29142,28674
2022-04,경의선,1272,곡산,12440,13326,5622,5653
2022-04,경의선,1273,백마,157908,150143,32538,32301
2022-04,경의선,1274,풍산,124995,114866,33120,32347
2022-04,경의선,1275,일산,208930,203036,57792,57768
2022-04,경의선,1276,탄현,177845,167547,36428,35636
2022-04,경의선,1277,야당,181585,183070,34561,33061
2022-04,경의선,1278,운정,156832,144653,37292,36984
2022-04,경의선,1279,금릉,112783,109183,25037,24782
2022-04,경의선,1280,금촌,142951,140009,42316,43148
2022-04,경의선,1282,월롱,69954,65621,9162,10094
2022-04,경의선,1283,파주,33559,24294,7851,6541
2022-04,경의선,1284,문산,109870,107743,40421,40465
2022-04,경의선,1285,임진강,518,352,467,481
2022-04,경의선,1291,서울역,91268,115756,14585,17730
2022-04,경의선,1292,공덕,82369,70719,12938,12822
2022-04,경의선,1293,홍대입구,46475,55165,4886,5446
2022-04,경의선,1294,디지털미디어시티,60727,54787,11120,10858
2022-04,경의선,1295,김포공항,2,0,0,0
2022-04,경의선,1296,계양,8,0,0,0
2022-04,경의선,1297,검암,2,0,0,0
2022-04,경춘선,1311,신내,43781,41713,16770,15967
2022-04,경춘선,1312,갈매,63073,53480,19254,18075
2022-04,경춘선,1313,별내,67896,63683,21236,19835
2022-04,경춘선,1314,퇴계원,71750,64723,26979,25829
2022-04,경춘선,1315,사릉,54492,52459,16525,16587
2022-04,경춘선,1316,금곡,28269,26584,16004,15538
2022-04,경춘선,1317,평내호평,132652,131186,43863,42171
2022-04,경춘선,1318,천마산,30938,27974,18703,18916
2022-04,경춘선,1319,마석,83630,82317,35075,35100
2022-04,경춘선,1320,대성리,14339,14988,8826,8378
2022-04,경춘선,1321,청평,33716,33040,19113,18841
2022-04,경춘선,1322,상천,5636,4800,6606,6446
2022-04,경춘선,1323,가평,36866,37597,16471,16456
2022-04,경춘선,1324,굴봉산,2421,2362,3832,3854
2022-04,경춘선,1325,백양리,1554,1542,1901,1909
2022-04,경춘선,1326,강촌,11451,11136,6193,6314
2022-04,경춘선,1327,김유정,7560,8639,4521,4655
2022-04,경춘선,1328,남춘천,60045,58606,24090,25208
2022-04,경춘선,1329,춘천,36973,32577,16802,13841
2022-04,수인선,1873,고색,114228,109769,15359,14216
2022-04,수인선,1874,오목천,85558,76339,12917,12899
2022-04,수인선,1875,어천,17280,17285,5212,5723
2022-04,수인선,1876,야목,8304,6356,2805,2160
2022-04,수인선,1877,사리,119030,102764,17626,16536
2022-04,수인선,1878,달월,1667,1307,1270,808
2022-04,수인선,1879,월곶,63069,57517,15096,14974
2022-04,수인선,1880,소래포구,108316,103069,70590,68978
2022-04,수인선,1881,인천논현,124116,134001,29910,30291
2022-04,수인선,1882,호구포,90169,93191,20132,19908
2022-04,수인선,1883,남동인더스파크,49142,54931,6602,6567
2022-04,수인선,1884,원인재,97411,103604,29748,30666
2022-04,수인선,1885,연수,106748,105017,28262,27926
2022-04,수인선,1886,송도,50151,45822,21340,21140
2022-04,수인선,1888,인하대,166318,156697,26147,25293
2022-04,수인선,1889,숭의,82153,74845,28464,26966
2022-04,수인선,1890,신포,40717,40479,13266,13368
2022-04,수인선,1891,인천,20564,39585,13407,17562
2022-04,경강선,1501,판교,111383,111014,13252,11780
2022-04,경강선,1502,이매,25265,20849,6197,5538
2022-04,경강선,1503,삼동,51939,46606,11751,11638
2022-04,경강선,1504,경기광주,180634,168482,29797,29655
2022-04,경강선,1505,초월,72742,67850,14016,13736
2022-04,경강선,1506,곤지암,51500,51714,13716,14076
2022-04,경강선,1507,신둔도예촌,37919,33962,8022,7787
2022-04,경강선,1508,이천,64584,67670,13006,13707
2022-04,경강선,1509,부발,54170,52593,9115,8961
2022-04,경강선,1510,세종대왕릉,6244,6434,3785,3832
2022-04,경강선,1511,여주,57800,59405,15906,15957
2022-04,5호선,2511,방화,133402,126940,47034,45186
2022-04,5호선,2512,개화산,114131,107507,36389,36947
2022-04,5호선,2513,김포공항,180433,175342,32120,34853
2022-04,5호선,2514,송정,133779,124018,46097,45038
2022-04,5호선,2515,마곡,229864,233700,37457,36187
2022-04,5호선,2516,발산,451696,476132,85393,82926
2022-04,5호선,2517,우장산,311467,299748,80785,83490
2022-04,5호선,2518,화곡,633479,581878,133406,127768
2022-04,5호선,2519,까치산,639427,597293,144130,145076
2022-04,5호선,2520,신정(은행정),310880,245072,59009,57476
2022-04,5호선,2521,목동,370160,394980,74287,74476
2022-04,5호선,2522,오목교(목동운동장앞),496741,535491,78064,77107
2022-04,5호선,2523,양평,165326,160849,26419,26277
2022-04,5호선,2524,영등포구청,83405,85290,18650,18153
2022-04,5호선,2525,영등포시장,213178,219845,63422,64820
2022-04,5호선,2526,신길,100707,105693,10615,10854
2022-04,5호선,2527,여의도,676364,724368,51287,49653
2022-04,5호선,2528,여의나루,508465,573439,41654,43457
2022-04,5호선,2529,마포,314286,323229,54061,53522
2022-04,5호선,2530,공덕,315700,340093,40703,38210
2022-04,5호선,2531,애오개,140669,141772,34746,33823
2022-04,5호선,2532,충정로(경기대입구),106442,107255,12853,13208
2022-04,5호선,2533,서대문,421465,425797,58016,53745
2022-04,5호선,2534,광화문(세종문화회관),681017,716299,67733,66745
2022-04,5호선,2535,종로3가,277276,274706,81901,87881
2022-04,5호선,2536,을지로4가,117197,121242,39553,39275
2022-04,5호선,2537,동대문역사문화공원(DDP),59731,70838,7605,8623
2022-04,5호선,2538,청구,83264,77579,23533,18247
2022-04,5호선,2539,신금호,137904,139497,35112,39392
2022-04,5호선,2540,행당,171208,149985,44479,40021
2022-04,5호선,2541,왕십리(성동구청),102443,124227,21771,21459
2022-04,5호선,2542,마장,119182,111470,34658,33525
2022-04,5호선,2543,답십리,344734,309057,73447,71046
2022-04,5호선,2544,장한평,397095,389298,82745,83578
2022-04,5호선,2545,군자(능동),265548,295106,37893,39496
2022-04,5호선,2546,아차산(어린이대공원후문),351850,339174,95158,92789
2022-04,5호선,2547,광나루(장신대),308854,279759,65637,63441
2022-04,5호선,2548,천호(풍납토성),389778,383627,117098,119995
2022-04,5호선,2549,강동,396792,378996,99265,96431
2022-04,5호선,2550,길동,148716,153521,65267,67493
2022-04,5호선,2551,굽은다리(강동구민회관앞),192139,180674,65245,59854
2022-04,5호선,2552,명일,174658,177168,61928,64486
2022-04,5호선,2553,고덕,195065,191150,60181,59872
2022-04,5호선,2554,상일동,309214,284863,82297,78617
2022-04,5호선,2555,둔촌동,170263,168366,57011,57209
2022-04,5호선,2556,올림픽공원(한국체대),89449,77883,34199,30902
2022-04,5호선,2557,방이,150877,154287,40434,39964
2022-04,5호선,2558,오금,81227,81292,18016,17499
2022-04,5호선,2559,개롱,127716,133164,42734,44155
2022-04,5호선,2560,거여,213073,200195,57948,56566
2022-04,5호선,2561,마천,142347,134441,51695,53363
2022-04,5호선,2562,강일,83336,76582,29766,29233
2022-04,5호선,2563,미사,371134,369856,68599,68446
2022-04,5호선,2564,하남풍산,90793,89303,24243,23671
2022-04,5호선,2565,하남시청(덕풍·신장),132538,124834,57514,58451
2022-04,5호선,2566,하남검단산,122683,116574,43249,43347
2022-04,6호선,2611,응암,372363,367824,110009,108862
2022-04,6호선,2612,역촌,69573,86700,29138,28884
2022-04,6호선,2613,불광,84602,87481,37176,30864
2022-04,6호선,2614,독바위,56667,57117,17790,22545
2022-04,6호선,2615,연신내,22,0,0,0
2022-04,6호선,2616,구산,162404,104018,46336,48205
2022-04,6호선,2617,새절(신사),274084,250783,81631,80932
2022-04,6호선,2618,증산(명지대앞),210316,207184,67547,68289
2022-04,6호선,2619,디지털미디어시티,301135,327398,51731,52303
2022-04,6호선,2620,월드컵경기장(성산),83302,89774,55526,53917
2022-04,6호선,2621,마포구청,304532,269550,69875,63251
2022-04,6호선,2622,망원,321078,347256,73139,75584
2022-04,6호선,2623,합정,338680,333009,36085,33416
2022-04,6호선,2624,상수,225734,266251,19458,19745
2022-04,6호선,2625,광흥창(서강),193289,183913,42894,41890
2022-04,6호선,2626,대흥(서강대앞),182234,188381,41005,40771
2022-04,6호선,2627,공덕,403369,391884,66650,62180
2022-04,6호선,2628,효창공원앞,157553,143769,35518,33008
2022-04,6호선,2629,삼각지,167346,142955,15038,12207
2022-04,6호선,2630,녹사평(용산구청),127530,131951,16510,15480
2022-04,6호선,2631,이태원,299476,332769,28710,29872
2022-04,6호선,2632,한강진,208563,254032,14475,14555
2022-04,6호선,2633,버티고개,45160,42702,11782,13938
2022-04,6호선,2634,약수,75774,77067,20496,19798
2022-04,6호선,2635,청구,80112,82846,17834,20749
2022-04,6호선,2636,신당,194078,199725,34217,33305
2022-04,6호선,2637,동묘앞,162850,168729,63876,58667
2022-04,6호선,2638,창신,78665,63981,17027,16035
2022-04,6호선,2639,보문,172133,155687,26842,25315
2022-04,6호선,2640,안암(고대병원앞),307091,307347,30679,29488
2022-04,6호선,2641,고려대(종암),194734,188863,31114,31550
2022-04,6호선,2642,월곡(동덕여대),257257,247824,62960,62880
2022-04,6호선,2643,상월곡(한국과학기술연구원),134649,119338,35967,34904
2022-04,6호선,2644,돌곶이,202285,183255,52977,51956
2022-04,6호선,2645,석계,265947,278500,70028,70214
2022-04,6호선,2646,태릉입구,125748,140012,27246,27917
2022-04,6호선,2647,화랑대(서울여대입구),278917,213836,43545,39448
2022-04,6호선,2648,봉화산(서울의료원),188548,176071,43871,43435
2022-04,6호선,2649,신내,6,0,0,0
2022-04,7호선,2711,장암,52596,21155,10682,7843
2022-04,7호선,2712,도봉산,212108,243010,49168,70077
2022-04,7호선,2713,수락산,264074,253456,89023,89497
2022-04,7호선,2714,마들,267466,245557,76567,75907
2022-04,7호선,2715,노원,415239,442002,105528,106313
2022-04,7호선,2716,중계,307600,275264,84288,80709
2022-04,7호선,2717,하계,394135,364036,94886,91684
2022-04,7호선,2718,공릉(서울과학기술대),282781,274825,64808,65114
2022-04,7호선,2719,태릉입구,203887,193319,40201,37838
2022-04,7호선,2720,먹골,217050,206897,58560,59032
2022-04,7호선,2721,중화,234828,225204,58523,58385
2022-04,7호선,2722,상봉(시외버스터미널),393462,367358,65559,63095
2022-04,7호선,2723,면목,350178,330890,88162,90575
2022-04,7호선,2724,사가정,351630,348618,90866,90933
2022-04,7호선,2725,용마산(용마폭포공원),134733,128594,32885,35197
2022-04,7호선,2726,중곡,235438,212473,56529,56996
2022-04,7호선,2727,군자(능동),333311,255476,70719,61873
2022-04,7호선,2728,어린이대공원(세종대),376769,387390,43440,43697
2022-04,7호선,2729,건대입구,307062,332627,48570,43920
2022-04,7호선,2730,뚝섬유원지,304947,295295,42227,42037
2022-04,7호선,2731,청담,424153,486262,67777,65283
2022-04,7호선,2732,강남구청,365713,412649,44180,44787
2022-04,7호선,2733,학동,532351,577175,53778,51002
2022-04,7호선,2734,논현,461917,510217,44967,44416
2022-04,7호선,2735,반포,128836,125174,29885,28569
2022-04,7호선,2736,고속터미널,386231,309681,66168,56261
2022-04,7호선,2737,내방,306693,316593,59724,58360
2022-04,7호선,2738,이수,355412,343228,68772,65290
2022-04,7호선,2739,남성,235607,212411,63286,62480
2022-04,7호선,2740,숭실대입구(살피재),328918,328622,54707,57428
2022-04,7호선,2741,상도,245927,237478,53669,51231
2022-04,7호선,2742,장승배기,182980,174364,56550,57768
2022-04,7호선,2743,신대방삼거리,366615,341506,81349,82736
2022-04,7호선,2744,보라매,226922,225402,40007,39514
2022-04,7호선,2745,신풍,247427,232376,64815,64789
2022-04,7호선,2746,대림(구로구청),187828,190955,32200,31148
2022-04,7호선,2747,남구로,341172,361847,55099,55248
2022-04,7호선,2748,가산디지털단지,988897,991997,81541,77441
2022-04,7호선,2749,철산,473085,483570,90062,89234
2022-04,7호선,2750,광명사거리,466648,451883,136056,139991
2022-04,7호선,2751,천왕,250522,234172,50762,50379
2022-04,7호선,2752,온수(성공회대입구),242095,229485,37326,35613
2022-04,7호선,2753,까치울,3,0,0,0
2022-04,7호선,2754,부천종합운동장,1,0,0,0
2022-04,7호선,2756,신중동,1,0,0,0
2022-04,7호선,2757,부천시청,3,0,1,0
2022-04,7호선,2758,상동,3,0,0,0
2022-04,7호선,2759,삼산체육관,2,0,0,0
2022-04,7호선,2760,굴포천,1,0,0,0
2022-04,8호선,2811,암사,405930,349113,95978,94028
2022-04,8호선,2812,천호(풍납토성),328817,394483,74059,71535
2022-04,8호선,2813,강동구청,213250,218921,56998,56765
2022-04,8호선,2814,몽촌토성(평화의문),140773,142153,33055,31692
2022-04,8호선,2815,잠실(송파구청),358645,435169,67134,65260
2022-04,8호선,2816,석촌,174317,219008,48508,52861
2022-04,8호선,2817,송파,167254,162816,51543,51213
2022-04,8호선,2818,가락시장,148061,171149,56090,56597
2022-04,8호선,2819,문정,479762,506684,53572,53346
2022-04,8호선,2820,장지,392564,374500,71616,67996
2022-04,8호선,2821,복정,229408,191421,37004,32868
2022-04,8호선,2822,산성,122974,119392,29141,32836
2022-04,8호선,2823,남한산성입구(성남법원.검찰청),331770,298448,74412,71715
2022-04,8호선,2824,단대오거리,236617,220723,67432,64658
2022-04,8호선,2825,신흥,83922,90830,32369,33639
2022-04,8호선,2826,수진,107904,95351,40938,39834
2022-04,8호선,2827,모란,84499,71979,53694,42084
2022-04,8호선,2828,남위례,109091,113967,22648,22464
2022-04,9호선,4101,개화,53396,38727,12899,10457
2022-04,9호선,4102,김포공항,200819,313596,18220,23188
2022-04,9호선,4103,공항시장,60157,63207,23144,25453
2022-04,9호선,4104,신방화,142140,134122,42049,41764
2022-04,9호선,4105,마곡나루(서울식물원),295662,292757,31205,30848
2022-04,9호선,4106,양천향교,218518,219780,41536,41270
2022-04,9호선,4107,가양,438454,419115,117004,112893
2022-04,9호선,4108,증미,149498,142303,37631,37585
2022-04,9호선,4109,등촌,224567,211182,72874,72932
2022-04,9호선,4110,염창,402488,380846,66139,64375
2022-04,9호선,4111,신목동,90627,77733,20712,18886
2022-04,9호선,4112,선유도,196367,186983,28448,27177
2022-04,9호선,4113,당산,442372,436485,57397,52516
2022-04,9호선,4114,국회의사당,389328,404268,62140,52625
2022-04,9호선,4115,여의도,674325,656834,45242,42478
2022-04,9호선,4116,샛강,127691,132381,23922,23917
2022-04,9호선,4117,노량진,649267,629868,80783,78973
2022-04,9호선,4118,노들,96134,78450,29004,26287
2022-04,9호선,4119,흑석(중앙대입구),189703,191136,49966,49713
2022-04,9호선,4120,동작(현충원),51456,41797,17374,14897
2022-04,9호선,4121,구반포,25359,26982,10562,10582
2022-04,9호선,4122,신반포,79820,79309,19124,18697
2022-04,9호선,4123,고속터미널,324748,425395,52110,58214
2022-04,9호선,4124,사평,74399,71097,18824,18536
2022-04,9호선,4125,신논현,798149,801351,55708,50809
2022-04,공항철도 1호선,4201,서울역,209709,201742,29388,26404
2022-04,공항철도 1호선,4202,공덕,53891,74076,6910,8263
2022-04,공항철도 1호선,4203,홍대입구,278666,282298,16328,15109
2022-04,공항철도 1호선,4204,디지털미디어시티,315470,294535,23166,22012
2022-04,공항철도 1호선,4206,마곡나루(서울식물원),205288,203666,13824,14041
2022-04,공항철도 1호선,4207,김포공항,331716,178198,25058,16000
2022-04,공항철도 1호선,4208,계양,257237,241980,29061,26930
2022-04,공항철도 1호선,4209,검암,163830,163955,15757,16239
2022-04,공항철도 1호선,4210,청라국제도시,173497,163774,11895,11868
2022-04,공항철도 1호선,4211,운서,173577,175092,27611,27688
2022-04,공항철도 1호선,4212,공항화물청사,50616,55065,8606,8546
2022-04,공항철도 1호선,4213,인천공항1터미널,122968,117117,15726,15638
2022-04,공항철도 1호선,4215,인천공항2터미널,69005,61140,7520,7020
2022-04,공항철도 1호선,4217,영종,72163,72678,20791,20598
2022-04,9호선2~3단계,4126,언주,238444,245112,25228,24843
2022-04,9호선2~3단계,4127,선정릉,220331,245901,21248,21991
2022-04,9호선2~3단계,4128,삼성중앙,146992,155725,20811,20801
2022-04,9호선2~3단계,4129,봉은사,385870,400690,40857,39376
2022-04,9호선2~3단계,4130,종합운동장,101903,104051,16923,15810
2022-04,9호선2~3단계,4131,삼전,151675,143370,32572,31296
2022-04,9호선2~3단계,4132,석촌고분,135161,130124,29259,29607
2022-04,9호선2~3단계,4133,석촌,216561,194462,32652,28771
2022-04,9호선2~3단계,4134,송파나루,125755,131805,23955,24675
2022-04,9호선2~3단계,4135,한성백제,57111,49981,14981,13212
2022-04,9호선2~3단계,4136,올림픽공원(한국체대),160238,162437,27268,27276
2022-04,9호선2~3단계,4137,둔촌오륜,25521,22394,5931,6293
2022-04,9호선2~3단계,4138,중앙보훈병원,200183,171938,69041,67879
2022-04,우이신설선,4701,북한산우이,57931,52691,34284,36417
2022-04,우이신설선,4702,솔밭공원,41214,36166,27369,28939
2022-04,우이신설선,4703,4.19민주묘지,63832,61598,35344,31378
2022-04,우이신설선,4704,가오리,69731,65161,44762,45620
2022-04,우이신설선,4705,화계,55749,48315,38261,38354
2022-04,우이신설선,4706,삼양,30127,30239,25300,27610
2022-04,우이신설선,4707,삼양사거리,34662,34788,33013,32842
2022-04,우이신설선,4708,솔샘,120380,107121,36341,37435
2022-04,우이신설선,4709,북한산보국문,130088,117231,40692,40352
2022-04,우이신설선,4710,정릉,89348,76274,43499,40354
2022-04,우이신설선,4711,성신여대입구(돈암),65587,76849,26237,25469
2022-04,우이신설선,4712,보문,28590,28356,13599,13637
2022-04,우이신설선,4713,신설동,32789,33947,25831,22969